RMSE,Accuracy (%)
35.07153917562192,88.26057266087969
