RMSE,Accuracy (%)
33.599851190146666,88.75318788614337
